city_id,dt,dt_txt,temp,feels_like,temp_min,temp_max,pressure,humidity,weather_id,weather_main,weather_description,weather_icon,wind_speed,wind_deg,clouds,pop,sea_level,wind_gust
3190344,1792512000,2026-10-07 06:00:00,19.2,18.5,17.1,21.3,1021,68,801,Clouds,few clouds,02d,4.2,220,15,0.05,1023,6.8
3190344,1792533600,2026-10-07 12:00:00,22.1,21.3,20.4,23.8,1020,62,800,Clear,clear sky,01d,5.6,230,5,0.02,1022,8.1
3190344,1792555200,2026-10-07 18:00:00,19.8,19.1,17.9,20.5,1019,70,802,Clouds,scattered clouds,03n,4.0,215,25,0.08,1021,6.5
3190344,1792598400,2026-10-08 06:00:00,14.2,11.8,12.1,15.6,1008,78,501,Rain,moderate rain,10d,11.2,045,85,0.85,1010,18.4
3190344,1792620000,2026-10-08 12:00:00,13.5,10.6,11.8,14.0,1004,82,502,Rain,heavy intensity rain,10d,13.8,050,95,0.92,1006,22.6
3190344,1792641600,2026-10-08 18:00:00,12.1,9.3,10.5,13.2,1002,85,501,Rain,moderate rain,10n,12.4,040,90,0.78,1004,20.1
3190344,1792684800,2026-10-09 06:00:00,15.8,14.2,13.9,17.2,1012,72,802,Clouds,scattered clouds,02d,6.7,320,30,0.15,1014,11.3
3190344,1792706400,2026-10-09 12:00:00,17.5,16.1,15.8,19.0,1011,68,803,Clouds,broken clouds,04d,7.2,310,55,0.20,1013,12.8
3190344,1792728000,2026-10-09 18:00:00,16.2,14.9,14.2,17.5,1013,74,802,Clouds,scattered clouds,03n,5.8,305,35,0.12,1015,9.6
